alpha, epsilon, q, q_hat
0.0, 0.2, 0.0, 0.0
0.1, 0.2, 0.03976940819437272, 0.04141651862974905
0.2, 0.2, 0.07763376239366812, 0.08416804434986529
0.30000000000000004, 0.2, 0.11366114463527538, 0.12823667150246315
0.4, 0.2, 0.14793867878276218, 0.173624450610456
0.5, 0.2, 0.18055144524094277, 0.2203328618890912
0.6000000000000001, 0.2, 0.21158766647901636, 0.2683718372771815
0.7000000000000001, 0.2, 0.24112526403145332, 0.31774053424470217
0.8, 0.2, 0.26926119539519683, 0.3684780303145639
0.9, 0.2, 0.2960705183160643, 0.420596843888121
1.0, 0.2, 0.32162913112768393, 0.47411990385486524
1.1, 0.2, 0.3460026033733669, 0.5290580744786966
1.2000000000000002, 0.2, 0.36926703395305516, 0.5854570061041823
1.3, 0.2, 0.39148088144149945, 0.6433337417053793
1.4000000000000001, 0.2, 0.41270239166062717, 0.7027142385741592
1.5, 0.2, 0.43298275063756203, 0.7636147773712596
1.6, 0.2, 0.4523779955080784, 0.8260770966056968
1.7000000000000002, 0.2, 0.47093307902772485, 0.8901200592210212
1.8, 0.2, 0.48869218868312075, 0.9557690648701187
1.9000000000000001, 0.2, 0.5056966372243968, 1.0230491542376292
2.0, 0.2, 0.5219850890111282, 1.0919849507022594
2.1, 0.2, 0.5375913527427908, 1.1625893156011031
2.2, 0.2, 0.5525537818112121, 1.2349054687463614
2.3000000000000003, 0.2, 0.5669022878537516, 1.3089477777299368
2.4000000000000004, 0.2, 0.5806668660002338, 1.384738812460638
2.5, 0.2, 0.5938757422197193, 1.46230059111863
2.6, 0.2, 0.6065555044983797, 1.5416545699160298
2.7, 0.2, 0.6187297680008603, 1.6228116335141962
2.8000000000000003, 0.2, 0.6304249266042931, 1.7058101911794576
2.9000000000000004, 0.2, 0.6416620485520691, 1.7906617090356036
3.0, 0.2, 0.6524622630672804, 1.8773853706528325
3.1, 0.2, 0.662845560012074, 1.9659997953335908
3.2, 0.2, 0.6728308649575694, 2.056523042341112
3.3000000000000003, 0.2, 0.6824361079571903, 2.148972616399328
3.4000000000000004, 0.2, 0.6916782866671689, 2.2433654742976437
3.5, 0.2, 0.7005735243873891, 2.3397180324620663
3.6, 0.2, 0.709137123531311, 2.4380461753689926
3.7, 0.2, 0.7173827503737246, 2.53835443987361
3.8000000000000003, 0.2, 0.7253259266083061, 2.640678523647801
3.9000000000000004, 0.2, 0.7329789327217029, 2.7450228560346925
4.0, 0.2, 0.7403542466042304, 2.851401330164382
4.1000000000000005, 0.2, 0.7474637380651448, 2.9598273623689026
4.2, 0.2, 0.7543187027615829, 3.0703139035836626
4.3, 0.2, 0.7609298938347875, 3.182873450973989
4.4, 0.2, 0.7673075514515243, 3.297518059730566
4.5, 0.2, 0.7734614304274264, 3.414259354982118
4.6000000000000005, 0.2, 0.7794008260903886, 3.533108543777872
4.7, 0.2, 0.7851349913431943, 3.6540849357061003
4.800000000000001, 0.2, 0.7906714596351336, 3.7771794436485724
4.9, 0.2, 0.7960191197809638, 3.902420260792055
5.0, 0.2, 0.801184301005762, 4.029783890602028
5.1000000000000005, 0.2, 0.8061764490999539, 4.1593317497092785
5.2, 0.2, 0.8110015033394014, 4.291047376931196
5.300000000000001, 0.2, 0.8156659265539037, 4.4249330105126985
5.4, 0.2, 0.8201763104991362, 4.561002572996348
5.5, 0.2, 0.8245391519350854, 4.699277138054377
5.6000000000000005, 0.2, 0.8287595612821506, 4.839742104653718
5.7, 0.2, 0.8328434135233135, 4.982414579514465
5.800000000000001, 0.2, 0.8367963028474373, 5.127312171520237
5.9, 0.2, 0.8406227984431236, 5.274423130984224
6.0, 0.2, 0.8443279933555115, 5.423762509104937
6.1000000000000005, 0.2, 0.8479165329277537, 5.575336683539415
6.2, 0.2, 0.8513928603204162, 5.72915179012347
6.300000000000001, 0.2, 0.85476144142201, 5.885223936335211
6.4, 0.2, 0.858025937054456, 6.043540061141751
6.5, 0.2, 0.8611904318588224, 6.20411433729799
6.6000000000000005, 0.2, 0.8642586518977182, 6.366952030316473
6.7, 0.2, 0.8672341646017966, 6.532058206094279
6.800000000000001, 0.2, 0.8701203861946042, 6.699437738537955
6.9, 0.2, 0.8729205887431526, 6.869095316934095
7.0, 0.2, 0.875638074666361, 7.041046303498387
7.1000000000000005, 0.2, 0.8782755247812054, 7.21527468656195
7.2, 0.2, 0.8808359727093938, 7.391794258189117
7.300000000000001, 0.2, 0.8833221775743983, 7.570609043013626
7.4, 0.2, 0.8857367846542438, 7.751722914273303
7.5, 0.2, 0.8880823305724425, 7.935139599625804
7.6000000000000005, 0.2, 0.8903612482371761, 8.120862686974496
7.7, 0.2, 0.8925758715365635, 8.308895629908376
7.800000000000001, 0.2, 0.8947285595460072, 8.499252557839117
7.9, 0.2, 0.8968212284603386, 8.691916128460642
8.0, 0.2, 0.8988560542159767, 8.886899233052864
8.1, 0.2, 0.90083501716509, 9.084204841388424
8.200000000000001, 0.2, 0.9027600189128098, 9.283835813412486
8.3, 0.2, 0.9046328858045668, 9.485794903584141
8.4, 0.2, 0.9064553722464636, 9.690084765046224
8.5, 0.2, 0.9082291638671443, 9.896707953628207
8.6, 0.2, 0.909955880529217, 10.10566693169202
8.700000000000001, 0.2, 0.9116371591939092, 10.316974317229858
8.8, 0.2, 0.9132743399070472, 10.530612726708533
8.9, 0.2, 0.9148689386678911, 10.746593832524324
9.0, 0.2, 0.9164223396331675, 10.964919759788433
9.1, 0.2, 0.9179358742458065, 11.18559255715826
9.200000000000001, 0.2, 0.9194108234896334, 11.408614199840663
9.3, 0.2, 0.9208484200390251, 11.633986592472862
9.4, 0.2, 0.9222498503087371, 11.861711571886199
9.5, 0.2, 0.9236162564088363, 12.091790909756908
9.600000000000001, 0.2, 0.924948738009421, 12.324226315148813
9.700000000000001, 0.2, 0.9262483541195654, 12.55901943695181
9.8, 0.2, 0.9275161247846984, 12.79617186622074
9.9, 0.2, 0.9287530862208744, 13.035695680799948
10.0, 0.2, 0.9299600797710965, 13.27757194371173
10.100000000000001, 0.2, 0.9311380700502774, 13.521811990022922
10.200000000000001, 0.2, 0.9322879367262306, 13.768417201479433
10.3, 0.2, 0.9334105278994631, 14.017388912322337
10.4, 0.2, 0.9345066613881788, 14.26872841109837
10.5, 0.2, 0.935577125955794, 14.522436942409858
10.600000000000001, 0.2, 0.9366226824836424, 14.77851570858774
10.700000000000001, 0.2, 0.937644065091528, 15.036965871297289
10.8, 0.2, 0.938641982208615, 15.297788553078183
10.9, 0.2, 0.939617117597027, 15.560984838821899
11.0, 0.2, 0.9405701313304025, 15.82655577718901
11.100000000000001, 0.2, 0.9415016607295458, 16.094502381968805
11.200000000000001, 0.2, 0.9424123212571713, 16.364825633374377
11.3, 0.2, 0.9433027409220558, 16.637536915589806
11.4, 0.2, 0.9441734275064811, 16.912616794020334
11.5, 0.2, 0.9450249688238223, 17.19007608736616
11.600000000000001, 0.2, 0.9458579011001665, 17.469915653806993
11.700000000000001, 0.2, 0.946672742628539, 17.752136323724898
11.8, 0.2, 0.9474699944557202, 18.036738900723254
11.9, 0.2, 0.9482501410398324, 18.323724162605163
12.0, 0.2, 0.9490136508800392, 18.61309286231098
12.100000000000001, 0.2, 0.9497609771196732, 18.904845728828683
12.200000000000001, 0.2, 0.9504925581239212, 19.198983468042698
12.3, 0.2, 0.9512088180333828, 19.495506763582743
12.4, 0.2, 0.9519101672944511, 19.794416277613998
12.5, 0.2, 0.9525970031676617, 20.09571265160602
12.600000000000001, 0.2, 0.9532697102149764, 20.399396507069945
12.700000000000001, 0.2, 0.9539286607669596, 20.705468446266558
12.8, 0.2, 0.954574215370751, 21.013929052886766
12.9, 0.2, 0.9552067232196982, 21.324778892705567
13.0, 0.2, 0.9558265424963951, 21.63802872841439
13.100000000000001, 0.2, 0.9564339612593274, 21.953659063485524
13.200000000000001, 0.2, 0.9570293167578038, 22.271680237516538
13.3, 0.2, 0.9576129167274225, 22.592092750740317
13.4, 0.2, 0.9581850594504188, 22.914897088380876
13.5, 0.2, 0.958746034091169, 23.2400937211696
13.600000000000001, 0.2, 0.9592961210183388, 23.567683105842118
13.700000000000001, 0.2, 0.9598355921142547, 23.897665685615852
13.8, 0.2, 0.9603647110720573, 24.230041890649755
13.9, 0.2, 0.9608837336811658, 24.56481213848641
14.0, 0.2, 0.9613929081015578, 24.90197683447766
14.100000000000001, 0.2, 0.9618924751273478, 25.241536372194258
14.200000000000001, 0.2, 0.9623826684401212, 25.583491133819884
14.3, 0.2, 0.9628637148524639, 25.927841490530707
14.4, 0.2, 0.9633358345421043, 26.274587802860967
14.5, 0.2, 0.9637992412770612, 26.623730421051782
14.600000000000001, 0.2, 0.9642541426322068, 26.975269685403923
14.700000000000001, 0.2, 0.9647007401975265, 27.32920592657662
14.8, 0.2, 0.9651392297785533, 27.68553946592922
14.9, 0.2, 0.9655698015891774, 28.04427061581108
15.0, 0.2, 0.9659926404372232, 28.405399679855257
15.100000000000001, 0.2, 0.9664079259030702, 28.76892695326005
15.200000000000001, 0.2, 0.9668158437619454, 29.13486293959852
15.3, 0.2, 0.9672165412080711, 29.503187791954225
15.4, 0.2, 0.9676101943343505, 29.873911696868646
15.5, 0.2, 0.9679969634683704, 30.24703491844184
15.600000000000001, 0.2, 0.9683770045087173, 30.622557713600013
15.700000000000001, 0.2, 0.9687504690674916, 31.00048033232137
15.8, 0.2, 0.969117504607634, 31.380803017854557
15.9, 0.2, 0.9694782545752696, 31.763526006928295
16.0, 0.2, 0.9698328585272722, 32.14864952995421
16.1, 0.2, 0.9701814522542418, 32.536173811223016
16.2, 0.2, 0.970524167899073, 32.926099069093
16.3, 0.2, 0.970861134071295, 33.31842551617264
16.400000000000002, 0.2, 0.9711924759573466, 33.713153359496204
16.5, 0.2, 0.9715183154269487, 34.11028280069411
16.6, 0.2, 0.9718387711357265, 34.5098140361567
16.7, 0.2, 0.9721539586242294, 34.91174725719252
16.8, 0.2, 0.9724639904134875, 35.31608265018228
16.900000000000002, 0.2, 0.97276897609724, 35.72282039672568
17.0, 0.2, 0.9730690224309646, 36.13196067378464
17.1, 0.2, 0.9733642334178306, 36.54350365382104
17.2, 0.2, 0.9736547103916954, 36.957449504930736
17.3, 0.2, 0.9739405520972539, 37.37379839097147
17.400000000000002, 0.2, 0.9742218547674554, 37.792550471688365
17.5, 0.2, 0.9744987121982873, 38.21370590283831
17.6, 0.2, 0.9747712158210154, 38.63726483628944
17.7, 0.2, 0.9750394547720121, 39.063227420157375
17.8, 0.2, 0.9753035159602154, 39.491593798900894
17.900000000000002, 0.2, 0.9755634841323388, 39.92236411342834
18.0, 0.2, 0.9758194478727973, 40.35554865494641
18.1, 0.2, 0.9760714759264161, 40.79112748136253
18.2, 0.2, 0.9763196528501263, 41.22911064905298
18.3, 0.2, 0.9765640553515814, 41.669498285723115
18.400000000000002, 0.2, 0.9768047582712234, 42.11229051600584
18.5, 0.2, 0.9770418346356001, 42.557487461548384
18.6, 0.2, 0.9772753557089459, 43.00508924109602
18.7, 0.2, 0.9775053910430886, 43.455095970572856
18.8, 0.2, 0.9777320085257473, 43.90750776316075
18.900000000000002, 0.2, 0.9779552744272727, 44.36232472937442
19.0, 0.2, 0.9781752534458928, 44.81954697713608
19.1, 0.2, 0.9783920087515122, 45.27917461184574
19.200000000000003, 0.2, 0.978605602028119, 45.74120773645111
19.3, 0.2, 0.9788160935148482, 46.20564645151343
19.400000000000002, 0.2, 0.9790235420457503, 46.67249085527343
19.5, 0.2, 0.9792280050883081, 47.14174104371327
19.6, 0.2, 0.9794295387807492, 47.61339711061789
19.700000000000003, 0.2, 0.9796281979681931, 48.08745914763375
19.8, 0.2, 0.9798240362376757, 48.563927244325974
19.900000000000002, 0.2, 0.9800171059520896, 49.042801488234275
20.0, 0.2, 0.9802074582830778, 49.52408196492615
20.1, 0.2, 0.9803951432429163, 50.007768758049096
20.200000000000003, 0.2, 0.9805802097154221, 50.493861949381916
20.3, 0.2, 0.9807627054859172, 50.98236161888259
20.400000000000002, 0.2, 0.9809426772702835, 51.47326784473654
20.5, 0.2, 0.9811201707431391, 51.966580703403245
20.6, 0.2, 0.9812952305651631, 52.46230026965968
20.700000000000003, 0.2, 0.9814679004096025, 52.96042661664514
20.8, 0.2, 0.9816382229879834, 53.46095981590259
20.900000000000002, 0.2, 0.9818062400750572, 53.963899937420265
21.0, 0.2, 0.9819719925330059, 54.46924704967058
21.1, 0.2, 0.9821355203349305, 54.977001219649345
21.200000000000003, 0.2, 0.9822968625876474, 55.48716251291323
21.3, 0.2, 0.9824560575538153, 55.999730993615486
21.400000000000002, 0.2, 0.9826131426734148, 56.514706724541895
21.5, 0.2, 0.9827681545846011, 57.032089767145294
21.6, 0.2, 0.9829211291439515, 57.551880181578134
21.700000000000003, 0.2, 0.9830721043593454, 58.07408819312234
21.8, 0.2, 0.9832211087537281, 58.598693699274904
21.900000000000002, 0.2, 0.9833681788702024, 59.12570675188408
22.0, 0.2, 0.9835133476300725, 59.655127406219165
22.1, 0.2, 0.9836566472658824, 60.18695571640262
22.200000000000003, 0.2, 0.9837981093384197, 60.72119173543799
22.3, 0.2, 0.9839377647532371, 61.2578355152366
22.400000000000002, 0.2, 0.9840756437767091, 61.79688710664496
22.5, 0.2, 0.9842117760516359, 62.33834655946931
22.6, 0.2, 0.9843461906124116, 62.88221392250222
22.700000000000003, 0.2, 0.9844789158997674, 63.428489243545584
22.8, 0.2, 0.9846099797752654, 63.977172570105445
22.900000000000002, 0.2, 0.9847394095344396, 64.52826394606208
23.0, 0.2, 0.9848672319219378, 65.08176341839847
23.1, 0.2, 0.9849934731431106, 65.63767103051602
23.200000000000003, 0.2, 0.9851181588776237, 66.1959868256085
23.3, 0.2, 0.9852413142917658, 66.75671084601227
23.400000000000002, 0.2, 0.9853629640505768, 67.31984313322684
23.5, 0.2, 0.9854831323296455, 67.88538372793326
23.6, 0.2, 0.98560184282659, 68.45333267001446
23.700000000000003, 0.2, 0.9857191187722272, 69.02368999857276
23.8, 0.2, 0.9858349829414432, 69.59645575194877
23.900000000000002, 0.2, 0.9859494576637727, 70.17162996773789
24.0, 0.2, 0.9860625648336959, 70.74921268280791
24.1, 0.2, 0.986174325920662, 71.3292039333162
24.200000000000003, 0.2, 0.9862847619788476, 71.91160375472471
24.3, 0.2, 0.9863938936566565, 72.49641218181662
24.400000000000002, 0.2, 0.9865017412059711, 73.08362924871193
24.5, 0.2, 0.9866083244911595, 73.67325498888103
24.6, 0.2, 0.9867136629978488, 74.26528943516104
24.700000000000003, 0.2, 0.9868177758414692, 74.8597326197685
24.8, 0.2, 0.9869206817755766, 75.45658457431428
24.900000000000002, 0.2, 0.9870223991999598, 76.05584532981672
25.0, 0.2, 0.9871229461685391, 76.65751491671399
25.1, 0.2, 0.9872223403970616, 77.26159336487828
25.200000000000003, 0.2, 0.9873205992705993, 77.86808070362719
25.3, 0.2, 0.9874177398508571, 78.47697696173644
25.400000000000002, 0.2, 0.9875137788832933, 79.08828216745148
25.5, 0.2, 0.9876087328040604, 79.701996348499
25.6, 0.2, 0.9877026177467708, 80.3181195320985
25.700000000000003, 0.2, 0.987795449549092, 80.93665174497295
25.8, 0.2, 0.9878872437591757, 81.55759301335917
25.900000000000002, 0.2, 0.9879780156419268, 82.18094336301995
26.0, 0.2, 0.9880677801851157, 82.80670281925171
26.1, 0.2, 0.9881565521053387, 83.43487140689638
26.200000000000003, 0.2, 0.9882443458538315, 84.0654491503499
26.3, 0.2, 0.9883311756221376, 84.69843607357339
26.400000000000002, 0.2, 0.9884170553476388, 85.33383220009999
26.5, 0.2, 0.9885020000436944, 85.97164757350592
26.6, 0.2, 0.9885860205030959, 86.6118623019456
26.700000000000003, 0.2, 0.9886691312601354, 87.25448630269388
26.8, 0.2, 0.9887513452881894, 87.89951959766769
26.900000000000002, 0.2, 0.9888326753321596, 88.546962208396
27.0, 0.2, 0.9889131339132439, 89.19681415603637
27.1, 0.2, 0.9889927333335918, 89.8490754613754
27.200000000000003, 0.2, 0.9890714856808472, 90.50374614483951
27.3, 0.2, 0.9891494028325841, 91.16082622650303
27.400000000000002, 0.2, 0.9892264964606352, 91.82031572609118
27.5, 0.2, 0.989302778035319, 92.482214662993
27.6, 0.2, 0.9893782588295655, 93.14652305626589
27.700000000000003, 0.2, 0.9894529499229457, 93.81324092464111
27.8, 0.2, 0.9895268622056052, 94.48236828653089
27.900000000000002, 0.2, 0.9896000063821055, 95.15390516003552
28.0, 0.2, 0.9896723929751774, 95.82785156294976
28.1, 0.2, 0.9897440323293838, 96.50420751276768
28.200000000000003, 0.2, 0.9898149346146999, 97.18297302669082
28.3, 0.2, 0.9898851098300092, 97.86414812163152
28.400000000000002, 0.2, 0.989954567806519, 98.54773281421937
28.5, 0.2, 0.9900233182110976, 99.23372712080968
28.6, 0.2, 0.9900913705495337, 99.92213105748353
28.700000000000003, 0.2, 0.9901587341697233, 100.61294464005819
28.8, 0.2, 0.9902254182647817, 101.30616788408989
28.900000000000002, 0.2, 0.9902914318760858, 102.00180080487806
29.0, 0.2, 0.9903567838962474, 102.69984341747306
29.1, 0.2, 0.9904214830720189, 103.40029573667833
29.200000000000003, 0.2, 0.990485538007134, 104.10315777705661
29.3, 0.2, 0.9905489571650838, 104.80842955293573
29.400000000000002, 0.2, 0.9906117488718315, 105.51611107840921
29.5, 0.2, 0.9906739213184654, 106.22620236734461
29.6, 0.2, 0.9907354825637948, 106.93870343338735
29.700000000000003, 0.2, 0.9907964405368853, 107.65361428996263
29.8, 0.2, 0.990856803039541, 108.37093495028488
29.900000000000002, 0.2, 0.9909165777487288, 109.09066542734494
30.0, 0.2, 0.9909757722189534, 109.81280573394699
30.1, 0.2, 0.9910343938845758, 110.53735588267973
30.200000000000003, 0.2, 0.9910924500620835, 111.26431588593525
30.3, 0.2, 0.9911499479523113, 111.99368575591095
30.400000000000002, 0.2, 0.9912068946426125, 112.72546550461331
30.5, 0.2, 0.9912632971089845, 113.45965514386118
30.6, 0.2, 0.9913191622181471, 114.1962546852876
30.700000000000003, 0.2, 0.9913744967295762, 114.93526414034619
30.8, 0.2, 0.9914293072974952, 115.67668352031217
30.900000000000002, 0.2, 0.9914836004728216, 116.4205128362862
31.0, 0.2, 0.9915373827050732, 117.16675209919823
31.1, 0.2, 0.991590660344234, 117.91540131980999
31.200000000000003, 0.2, 0.9916434396425794, 118.6664605087196
31.3, 0.2, 0.991695726756463, 119.41992967635908
31.400000000000002, 0.2, 0.9917475277480664, 120.1758088330073
31.5, 0.2, 0.9917988485871113, 120.93409798878169
31.6, 0.2, 0.9918496951525361, 121.69479715365021
31.700000000000003, 0.2, 0.9919000732341365, 122.45790633742747
31.8, 0.2, 0.9919499885341734, 123.2234255497821
31.900000000000002, 0.2, 0.9919994466689459, 123.99135480023646
32.0, 0.2, 0.992048453170332, 124.76169409817226
32.1, 0.2, 0.9920970134872976, 125.53444345282722
32.2, 0.2, 0.9921451329873743, 126.309602873305
32.300000000000004, 0.2, 0.9921928169581067, 127.08717236857407
32.4, 0.2, 0.9922400706084693, 127.86715194746677
32.5, 0.2, 0.9922868990702559, 128.649541618689
32.6, 0.2, 0.992333307399439, 129.43434139081486
32.7, 0.2, 0.9923793005775026, 130.22155127229604
32.800000000000004, 0.2, 0.992424883512747, 131.01117127145852
32.9, 0.2, 0.9924700610415684, 131.80320139650712
33.0, 0.2, 0.9925148379297111, 132.5976416555262
33.1, 0.2, 0.9925592194293035, 133.39450209541585
33.2, 0.2, 0.9926032090553482, 134.1937627388322
33.300000000000004, 0.2, 0.9926468119261955, 134.9954335402452
33.4, 0.2, 0.9926900325370177, 135.79951450728205
33.5, 0.2, 0.9927328753182332, 136.60600564746085
33.6, 0.2, 0.9927753446366164, 137.4149069681941
33.7, 0.2, 0.9928174447963856, 138.22621847678514
33.800000000000004, 0.2, 0.992859180040269, 139.0399401804363
33.9, 0.2, 0.9929005545505508, 139.85607208624705
34.0, 0.2, 0.9929415724500951, 140.67461420121344
34.1, 0.2, 0.9929822378033512, 141.49556653223803
34.2, 0.2, 0.993022554617338, 142.3189290861193
34.300000000000004, 0.2, 0.9930625268426108, 143.14470186956817
34.4, 0.2, 0.9931021583742069, 143.97288488919554
34.5, 0.2, 0.9931414530525754, 144.803478151521
34.6, 0.2, 0.9931804146644873, 145.63648166297472
34.7, 0.2, 0.9932190469439287, 146.47189542989787
34.800000000000004, 0.2, 0.9932573535729765, 147.30971945854185
34.9, 0.2, 0.9932953381826577, 148.1499537550722
35.0, 0.2, 0.993333004353792, 148.99259832557095
35.1, 0.2, 0.9933703556178182, 149.83765317603607
35.2, 0.2, 0.9934073954576045, 150.68511831237973
35.300000000000004, 0.2, 0.9934441273082448, 151.53499374043966
35.4, 0.2, 0.9934805545578382, 152.38727946596816
35.5, 0.2, 0.9935166805482549, 153.24197549464176
35.6, 0.2, 0.9935525085758871, 154.09908183206105
35.7, 0.2, 0.9935880418923859, 154.95859848374826
35.800000000000004, 0.2, 0.9936232837053848, 155.8205254551533
35.9, 0.2, 0.9936582371792088, 156.68486275165125
36.0, 0.2, 0.9936929054355709, 157.5516103785452
36.1, 0.2, 0.9937272915542561, 158.42076834106882
36.2, 0.2, 0.9937613985737912, 159.2923366443838
36.300000000000004, 0.2, 0.9937952294921033, 160.16631529358304
36.4, 0.2, 0.9938287872671666, 161.04270429369348
36.5, 0.2, 0.9938620748176357, 161.92150364967407
36.6, 0.2, 0.9938950950234686, 162.8027133664202
36.7, 0.2, 0.9939278507265381, 163.68633344876085
36.800000000000004, 0.2, 0.9939603447312308, 164.57236390145835
36.9, 0.2, 0.9939925798050376, 165.4608047292207
37.0, 0.2, 0.9940245586791306, 166.35165593668782
37.1, 0.2, 0.9940562840489314, 167.24491752843946
37.2, 0.2, 0.994087758574669, 168.1405895089983
37.300000000000004, 0.2, 0.9941189848819267, 169.03867188282663
37.4, 0.2, 0.99414996556218, 169.93916465432966
37.5, 0.2, 0.9941807031733245, 170.84206782785543
37.6, 0.2, 0.9942112002401939, 171.7473814076951
37.7, 0.2, 0.9942414592550699, 172.65510539808545
37.800000000000004, 0.2, 0.994271482678182, 173.56523980320904
37.9, 0.2, 0.9943012729381984, 174.477784627196
38.0, 0.2, 0.9943308324327088, 175.39273987412184
38.1, 0.2, 0.9943601635286984, 176.31010554800875
38.2, 0.2, 0.9943892685630131, 177.22988165283235
38.300000000000004, 0.2, 0.9944181498428173, 178.15206819251517
38.400000000000006, 0.2, 0.9944468096460427, 179.07666517093043
38.5, 0.2, 0.9944752502218304, 180.00367259190116
38.6, 0.2, 0.9945034737909636, 180.9330904592034
38.7, 0.2, 0.9945314825462951, 181.86491877656883
38.800000000000004, 0.2, 0.9945592786531646, 182.79915754767623
38.900000000000006, 0.2, 0.9945868642498114, 183.73580677616636
39.0, 0.2, 0.9946142414477775, 184.67486646562395
39.1, 0.2, 0.9946414123323062, 185.61633661960147
39.2, 0.2, 0.9946683789627313, 186.5602172415989
39.300000000000004, 0.2, 0.9946951433728618, 187.50650833507294
39.400000000000006, 0.2, 0.9947217075713587, 188.4552099034432
39.5, 0.2, 0.9947480735421056, 189.40632195008303
39.6, 0.2, 0.9947742432445734, 190.3598444783269
39.7, 0.2, 0.994800218614178, 191.3157774914644
39.800000000000004, 0.2, 0.9948260015626328, 192.27412099274804
39.900000000000006, 0.2, 0.9948515939782945, 193.2348749853911
40.0, 0.2, 0.9948769977265035, 194.1980394725653
40.1, 0.2, 0.9949022146499185, 195.1636144574059
40.2, 0.2, 0.9949272465688449, 196.13159994300997
40.300000000000004, 0.2, 0.9949520952815587, 197.10199593243854
40.400000000000006, 0.2, 0.994976762564624, 198.07480242871165
40.5, 0.2, 0.9950012501732056, 199.05001943481426
40.6, 0.2, 0.995025559841377, 200.0276469537023
40.7, 0.2, 0.9950496932824214, 201.00768498828418
40.800000000000004, 0.2, 0.9950736521891305, 201.99013354144324
40.900000000000006, 0.2, 0.9950974382340955, 202.97499261602718
41.0, 0.2, 0.995121053069995, 203.96226221484608
41.1, 0.2, 0.9951444983298782, 204.95194234068012
41.2, 0.2, 0.9951677756274422, 205.94403299627203
41.300000000000004, 0.2, 0.9951908865573059, 206.93853418433974
41.400000000000006, 0.2, 0.9952138326952793, 207.9354459075609
41.5, 0.2, 0.9952366155986275, 208.9347681685905
41.6, 0.2, 0.9952592368063315, 209.9365009700432
41.7, 0.2, 0.9952816978393438, 210.9406443145095
41.800000000000004, 0.2, 0.9953040002008411, 211.94719820454637
41.900000000000006, 0.2, 0.9953261453764712, 212.95616264268688
42.0, 0.2, 0.9953481350511924, 213.96754764050257
42.1, 0.2, 0.995369970242552, 214.98133324983021
42.2, 0.2, 0.995391652602238, 215.99752941491548
42.300000000000004, 0.2, 0.9954131835481838, 217.01613613817514
42.400000000000006, 0.2, 0.9954345644819743, 218.0371534219913
42.5, 0.2, 0.995455796789072, 219.06058126872193
42.6, 0.2, 0.9954768818390373, 220.08641968069827
42.7, 0.2, 0.9954978209857464, 221.11466866022946
42.800000000000004, 0.2, 0.9955186155676056, 222.14532820958914
42.900000000000006, 0.2, 0.9955392669077627, 223.17839833103343
43.0, 0.2, 0.9955597763143138, 224.2138790267884
43.1, 0.2, 0.9955801450805082, 225.25177029905325
43.2, 0.2, 0.995600374484949, 226.29207215000872
43.300000000000004, 0.2, 0.9956204657917913, 227.33478458180755
43.400000000000006, 0.2, 0.9956404202509369, 228.3799075965751
43.5, 0.2, 0.9956602390982261, 229.4274411964124
43.6, 0.2, 0.9956799235556266, 230.47738538340687
43.7, 0.2, 0.9956994748314191, 231.52974015961317
43.800000000000004, 0.2, 0.9957188941203803, 232.58450552706864
43.900000000000006, 0.2, 0.995738182603963, 233.6416814877782
44.0, 0.2, 0.9957573414504735, 234.70126804373757
44.1, 0.2, 0.9957763718152463, 235.76326519691247
44.2, 0.2, 0.9957952748408155, 236.82767294924594
44.300000000000004, 0.2, 0.9958140516570847, 237.89449130266618
44.400000000000006, 0.2, 0.995832703381493, 238.9637202590732
44.5, 0.2, 0.9958512311191797, 240.0353598203528
44.6, 0.2, 0.9958696359631455, 241.10940998836307
44.7, 0.2, 0.9958879189944116, 242.1858707649435
44.800000000000004, 0.2, 0.9959060812821768, 243.26474215192292
44.900000000000006, 0.2, 0.9959241238839714, 244.34602415109066
45.0, 0.2, 0.9959420478458095, 245.42971676423906
45.1, 0.2, 0.9959598542023383, 246.51581999312668
45.2, 0.2, 0.9959775439769862, 247.60433383949479
45.300000000000004, 0.2, 0.9959951181821073, 248.69525830506805
45.400000000000006, 0.2, 0.9960125778191248, 249.78859339155682
45.5, 0.2, 0.9960299238786718, 250.88433910064322
45.6, 0.2, 0.9960471573407313, 251.9824954340636
45.7, 0.2, 0.9960642791747687, 253.08306239334027
45.800000000000004, 0.2, 0.9960812903398724, 254.1860399801709
45.900000000000006, 0.2, 0.9960981917848827, 255.2914281961754
46.0, 0.2, 0.996114984448523, 256.3992270429435
46.1, 0.2, 0.9961316692595296, 257.50943652206826
46.2, 0.2, 0.9961482471367774, 258.62205663510724
46.300000000000004, 0.2, 0.9961647189894058, 259.7370873836124
46.400000000000006, 0.2, 0.9961810857169413, 260.8545287691179
46.5, 0.2, 0.9961973482094189, 261.9743807931372
46.6, 0.2, 0.9962135073475018, 263.09664345717
46.7, 0.2, 0.9962295640025997, 264.22131676270186
46.800000000000004, 0.2, 0.9962455190369839, 265.3484007112051
46.900000000000006, 0.2, 0.9962613733039025, 266.4778953041298
47.0, 0.2, 0.9962771276476927, 267.60980054291616
47.1, 0.2, 0.9962927829038923, 268.74411642898895
47.2, 0.2, 0.9963083398993481, 269.8808429636874
47.300000000000004, 0.2, 0.9963237994523273, 271.01998014854695
47.400000000000006, 0.2, 0.9963391623726187, 272.16152798487036
47.5, 0.2, 0.9963544294616408, 273.30548647402344
47.6, 0.2, 0.9963696015125448, 274.451855617367
47.7, 0.2, 0.9963846793103162, 275.60063541623487
47.800000000000004, 0.2, 0.9963996636318746, 276.7518258719448
47.900000000000006, 0.2, 0.9964145552461736, 277.9054269858188
48.0, 0.2, 0.9964293549142978, 279.06143875913784
48.1, 0.2, 0.9964440633895592, 280.2198611932056
48.2, 0.2, 0.9964586814175916, 281.3806942892757
48.300000000000004, 0.2, 0.9964732097364446, 282.54393804861365
48.400000000000006, 0.2, 0.9964876490766755, 283.70959247246213
48.5, 0.2, 0.9965020001614399, 284.8776575620536
48.6, 0.2, 0.9965162637065818, 286.0481333186134
48.7, 0.2, 0.9965304404207213, 287.2210197433379
48.800000000000004, 0.2, 0.9965445310053419, 288.39631683743653
48.900000000000006, 0.2, 0.9965585361548769, 289.57402460208476
49.0, 0.2, 0.9965724565567927, 290.75414303845423
49.1, 0.2, 0.996586292891674, 291.93667214770505
49.2, 0.2, 0.9966000458333044, 293.121611930989
49.300000000000004, 0.2, 0.9966137160487488, 294.3089623894401
49.400000000000006, 0.2, 0.9966273041984329, 295.4987235241851
49.5, 0.2, 0.9966408109362224, 296.6908953363383
49.6, 0.2, 0.9966542369095002, 297.8854778270021
49.7, 0.2, 0.9966675827592438, 299.08247099726947
49.800000000000004, 0.2, 0.9966808491201014, 300.28187484822433
49.900000000000006, 0.2, 0.9966940366204651, 301.48368938093427
50.0, 0.2, 0.9967071458825459, 302.6879145964682
